,,,,,Receiving,Receiving,Receiving,Receiving,Rushing,Rushing,Rushing,Rushing,Scrimmage,Scrimmage,Scrimmage,Scrimmage
Rk,Player,School,Conf,G,Rec,Yds,Avg,TD,Att,Yds,Avg,TD,Plays,Yds,Avg,TD
1,Kris Adams*\kris-adams-1,UTEP,CUSA,13,47,1070,22.8,14,,,,,47,1070,22.8,14
2,Denarius Moore*\denarius-moore-1,Tennessee,SEC,13,47,981,20.9,9,7,82,11.7,1,54,1063,19.7,10
3,Kris Durham*\kris-durham-1,Georgia,SEC,11,32,659,20.6,3,,,,,32,659,20.6,3
4,Markeith Summers\markeith-summers-1,Ole Miss,SEC,12,28,575,20.5,6,1,20,20.0,0,29,595,20.5,6
5,Greg Jones*\greg-jones-4,Navy,Ind,13,33,662,20.1,5,5,106,21.2,0,38,768,20.2,5
6,Aldrick Robinson*\aldrick-robinson-1,SMU,CUSA,14,65,1301,20.0,14,,,,,65,1301,20.0,14
7,Justin Veltung\justin-veltung-1,Idaho,WAC,13,25,497,19.9,8,7,72,10.3,1,32,569,17.8,9
8,Cobi Hamilton*\cobi-hamilton-1,Arkansas,SEC,13,32,630,19.7,6,,,,,32,630,19.7,6
9,Vincent Brown*\vincent-brown-3,San Diego State,MWC,13,69,1352,19.6,10,1,-13,-13.0,0,70,1339,19.1,10
10,Josh Boyce*\josh-boyce-1,Texas Christian,MWC,13,34,646,19.0,6,,,,,34,646,19.0,6
11,Mark Harrison\mark-harrison-1,Rutgers,Big East,12,44,829,18.8,9,,,,,44,829,18.8,9
12,Jarius Wright*\jarius-wright-1,Arkansas,SEC,13,42,788,18.8,5,1,9,9.0,0,43,797,18.5,5
13,Danny Coale*\danny-coale-1,Virginia Tech,ACC,14,39,732,18.8,3,1,-3,-3.0,0,40,729,18.2,3
14,Tavarres King*\tavarres-king-1,Georgia,SEC,12,27,504,18.7,3,,,,,27,504,18.7,3
15,Darvin Adams*\darvin-adams-1,Auburn,SEC,14,52,963,18.5,7,,,,,52,963,18.5,7
16,Junior Hemingway*\junior-hemingway-1,Michigan,Big Ten,10,32,593,18.5,4,,,,,32,593,18.5,4
17,Marquess Wilson\marquess-wilson-1,Washington State,Pac-10,12,55,1006,18.3,6,,,,,55,1006,18.3,6
18,Nathan Palmer*\nathan-palmer-1,Northern Illinois,MAC,14,29,532,18.3,6,3,23,7.7,0,32,555,17.3,6
19,Demarco Sampson*\demarco-sampson-1,San Diego State,MWC,13,67,1220,18.2,8,4,11,2.8,0,71,1231,17.3,8
20,Tyler Shoemaker*\tyler-shoemaker-1,Boise State,WAC,13,32,582,18.2,5,1,-1,-1.0,0,33,581,17.6,5
21,Kinsman Thomas\kinsman-thomas-1,Eastern Michigan,MAC,11,26,473,18.2,4,,,,,26,473,18.2,4
22,Ladarius Green\ladarius-green-1,Louisiana,Sun Belt,10,44,794,18.0,7,,,,,44,794,18.0,7
23,Travis Benjamin*\travis-benjamin-1,Miami (FL),ACC,13,43,743,17.3,3,3,44,14.7,0,46,787,17.1,3
24,Aaron Spikes\aaron-spikes-1,Louisiana,Sun Belt,12,23,398,17.3,6,103,339,3.3,2,126,737,5.8,8
25,Alshon Jeffery*\alshon-jeffery-1,South Carolina,SEC,14,88,1517,17.2,9,,,,,88,1517,17.2,9
26,Dane Sanzenbacher*\dane-sanzenbacher-1,Ohio State,Big Ten,13,55,948,17.2,11,4,14,3.5,1,59,962,16.3,12
27,Marcus Rucker\marcus-rucker-1,Memphis,CUSA,12,41,704,17.2,8,1,0,0.0,0,42,704,16.8,8
28,Phillip Payne\phillip-payne-1,UNLV,MWC,11,40,689,17.2,5,,,,,40,689,17.2,5
29,Chip Reeves*\chip-reeves-1,Troy,Sun Belt,13,30,515,17.2,5,1,5,5.0,0,31,520,16.8,5
30,Titus Young*\titus-young-1,Boise State,WAC,13,71,1215,17.1,9,14,94,6.7,1,85,1309,15.4,10
31,Josh Gordon*\josh-gordon-1,Baylor,Big 12,13,42,714,17.0,7,,,,,42,714,17.0,7
32,Daniel Hardy\daniel-hardy-1,Idaho,WAC,8,32,545,17.0,1,,,,,32,545,17.0,1
33,Devonte Christopher*\devonte-christopher-1,Utah,MWC,12,39,660,16.9,6,,,,,39,660,16.9,6
34,Emory Blake*\emory-blake-1,Auburn,SEC,14,33,554,16.8,8,,,,,33,554,16.8,8
35,Derek Moye*\derek-moye-1,Penn State,Big Ten,13,53,885,16.7,8,2,39,19.5,0,55,924,16.8,8
36,Jack Tomlinson\jack-tomlinson-1,Ball State,MAC,10,29,484,16.7,6,,,,,29,484,16.7,6
37,Jamar Newsome*\jamar-newsome-1,UCF,CUSA,14,37,616,16.6,3,3,15,5.0,1,40,631,15.8,4
38,Trae Johnson*\trae-johnson-1,Tulsa,CUSA,12,30,498,16.6,3,,,,,30,498,16.6,3
39,T.J. Simpson\tj-simpson-1,Arizona State,Pac-10,12,29,481,16.6,0,,,,,29,481,16.6,0
40,Taylor Stockemer\taylor-stockemer-1,Arkansas State,Sun Belt,11,34,560,16.5,5,,,,,34,560,16.5,5
41,Cameron Kenney*\cameron-kenney-1,Oklahoma,Big 12,14,33,544,16.5,4,,,,,33,544,16.5,4
42,Rueben Randle*\rueben-randle-1,LSU,SEC,13,33,544,16.5,3,,,,,33,544,16.5,3
43,Jermaine McKenzie\jermaine-mckenzie-1,Memphis,CUSA,11,25,409,16.4,3,,,,,25,409,16.4,3
44,Joe Adams*\joe-adams-1,Arkansas,SEC,12,50,813,16.3,6,6,32,5.3,0,56,845,15.1,6
45,Marvin McNutt*\marvin-mcnutt-1,Iowa,Big Ten,13,53,861,16.2,8,1,5,5.0,0,54,866,16.0,8
46,Derrell Johnson-Koulianos*\derrell-johnson-koulianos-1,Iowa,Big Ten,12,46,745,16.2,10,5,40,8.0,0,51,785,15.4,10
47,Orson Charles*\orson-charles-1,Georgia,SEC,13,26,422,16.2,2,,,,,26,422,16.2,2
48,Justin Blackmon*\justin-blackmon-1,Oklahoma State,Big 12,12,111,1782,16.1,20,4,77,19.3,1,115,1859,16.2,21
49,Leonard Hankerson*\leonard-hankerson-1,Miami (FL),ACC,13,72,1156,16.1,13,,,,,72,1156,16.1,13
50,Eric Greenwood\eric-greenwood-1,Idaho,WAC,13,46,741,16.1,6,,,,,46,741,16.1,6
51,Michael Campbell\michael-campbell-1,Temple,MAC,12,45,724,16.1,6,,,,,45,724,16.1,6
52,Rob Housler\rob-housler-1,Florida Atlantic,Sun Belt,12,39,629,16.1,4,1,29,29.0,0,40,658,16.5,4
53,Deantre Lewis\deantre-lewis-1,Arizona State,Pac-10,11,23,370,16.1,2,92,539,5.9,4,115,909,7.9,6
54,Jermaine Kearse*\jermaine-kearse-1,Washington,Pac-10,13,63,1005,16.0,12,,,,,63,1005,16.0,12
55,Devier Posey*\devier-posey-1,Ohio State,Big Ten,13,53,848,16.0,7,,,,,53,848,16.0,7
56,Jarrett Boykin*\jarrett-boykin-1,Virginia Tech,ACC,14,53,847,16.0,6,,,,,53,847,16.0,6
57,Dontrelle Inman\dontrelle-inman-1,Virginia,ACC,12,51,815,16.0,3,,,,,51,815,16.0,3
58,Rod Streater\rod-streater-1,Temple,MAC,12,30,481,16.0,4,7,83,11.9,1,37,564,15.2,5
59,Greg Salas*\greg-salas-1,Hawaii,WAC,14,119,1889,15.9,14,,,,,119,1889,15.9,14
60,Zach Bolger\zach-bolger-1,Wyoming,MWC,11,28,446,15.9,3,,,,,28,446,15.9,3
61,Alex Neutz\alex-neutz-1,Buffalo,MAC,11,26,414,15.9,4,,,,,26,414,15.9,4
62,Marcus Sales*\marcus-sales-1,Syracuse,Big East,11,26,414,15.9,4,,,,,26,414,15.9,4
63,D.J. Woods\dj-woods-1,Cincinnati,Big East,12,57,898,15.8,8,11,87,7.9,2,68,985,14.5,10
64,Chris Owusu*\chris-owusu-1,Stanford,Pac-10,7,25,396,15.8,3,2,32,16.0,0,27,428,15.9,3
65,Torrey Smith*\torrey-smith-1,Maryland,ACC,13,67,1055,15.7,12,9,7,0.8,0,76,1062,14.0,12
66,Rishard Matthews*\rishard-matthews-1,Nevada,WAC,14,56,879,15.7,5,5,76,15.2,2,61,955,15.7,7
67,Kelvin Bolden*\kelvin-bolden-1,Southern Mississippi,CUSA,12,46,722,15.7,6,5,27,5.4,0,51,749,14.7,6
68,Aaron Dobson\aaron-dobson-1,Marshall,CUSA,12,44,689,15.7,5,2,18,9.0,0,46,707,15.4,5
69,Da'Jon McKnight\dajon-mcknight-1,Minnesota,Big Ten,12,48,750,15.6,10,,,,,48,750,15.6,10
70,Ryan Grant\ryan-grant-2,Tulane,CUSA,12,33,515,15.6,4,5,3,0.6,0,38,518,13.6,4
71,Patrick Edwards\patrick-edwards-1,Houston,CUSA,12,71,1100,15.5,13,1,-9,-9.0,0,72,1091,15.2,13
72,Jon Baldwin*\jon-baldwin-1,Pitt,Big East,13,53,822,15.5,5,3,3,1.0,0,56,825,14.7,5
73,Jonathan Baldwin*\jonathan-baldwin-1,Pitt,Big East,13,53,822,15.5,5,3,3,1.0,0,56,825,14.7,5
74,Mark Dell*\mark-dell-1,Michigan State,Big Ten,13,51,788,15.5,6,,,,,51,788,15.5,6
75,Kierrie Johnson\kierrie-johnson-1,Houston,CUSA,12,37,572,15.5,6,,,,,37,572,15.5,6
76,Coby Fleener*\coby-fleener-1,Stanford,Pac-10,13,28,434,15.5,7,,,,,28,434,15.5,7
77,Steven Goulet*\steven-goulet-1,Ohio,MAC,13,25,388,15.5,1,8,79,9.9,0,33,467,14.2,1
78,Lester Jean\lester-jean-1,Florida Atlantic,Sun Belt,12,64,988,15.4,8,2,-16,-8.0,0,66,972,14.7,8
79,Jeremy Ebert*\jeremy-ebert-1,Northwestern,Big Ten,13,62,953,15.4,8,5,21,4.2,0,67,974,14.5,8
80,Lance Kendricks*\lance-kendricks-1,Wisconsin,Big Ten,13,43,663,15.4,5,2,-10,-5.0,0,45,653,14.5,5
81,Willie Haulstead*\willie-haulstead-1,Florida State,ACC,13,38,587,15.4,6,0,6,,0,38,593,15.6,6
82,Jalen Saunders*\jalen-saunders-1,Fresno State,WAC,13,30,462,15.4,3,19,166,8.7,0,49,628,12.8,3
83,Dwight Jones*\dwight-jones-1,North Carolina,ACC,13,62,946,15.3,4,,,,,62,946,15.3,4
84,Damaris Johnson*\damaris-johnson-1,Tulsa,CUSA,13,57,872,15.3,4,55,560,10.2,7,112,1432,12.8,11
85,Marvin Jones\marvin-jones-1,California,Pac-10,12,50,765,15.3,4,6,94,15.7,1,56,859,15.3,5
86,Patrick Hearn\patrick-hearn-1,UAB,CUSA,12,35,536,15.3,4,3,11,3.7,0,38,547,14.4,4
87,Duwyce Wilson\duwyce-wilson-1,Indiana,Big Ten,12,32,488,15.3,3,,,,,32,488,15.3,3
88,Shaky Smithson*\shaky-smithson-1,Utah,MWC,13,25,383,15.3,3,4,33,8.3,0,29,416,14.3,3
89,Chris Matthews*\chris-matthews-1,Kentucky,SEC,13,61,925,15.2,9,,,,,61,925,15.2,9
90,Owen Spencer*\owen-spencer-1,North Carolina State,ACC,13,60,912,15.2,4,,,,,60,912,15.2,4
91,Jimmy Young*\jimmy-young-1,Texas Christian,MWC,13,32,486,15.2,4,,,,,32,486,15.2,4
92,Kamar Aiken*\kamar-aiken-1,UCF,CUSA,14,32,486,15.2,2,,,,,32,486,15.2,2
93,Daniel Blackledge\daniel-blackledge-1,Washington State,Pac-10,11,30,456,15.2,3,2,16,8.0,0,32,472,14.8,3
94,Allen Muse\allen-muse-1,Arkansas State,Sun Belt,12,42,635,15.1,5,1,2,2.0,0,43,637,14.8,5
95,Paul Richardson\paul-richardson-1,Colorado,Big 12,12,34,514,15.1,6,6,7,1.2,0,40,521,13.0,6
96,Ted Bolser\ted-bolser-1,Indiana,Big Ten,12,27,407,15.1,5,,,,,27,407,15.1,5
97,Andrell Smith*\andrell-smith-1,Louisville,Big East,13,25,377,15.1,3,,,,,25,377,15.1,3
98,Juron Criner*\juron-criner-1,Arizona,Pac-10,13,82,1233,15.0,11,8,66,8.3,0,90,1299,14.4,11
99,Jamel Hamler*\jamel-hamler-1,Fresno State,WAC,12,54,812,15.0,6,1,-1,-1.0,0,55,811,14.7,6
100,Deonte Thompson*\deonte-thompson-1,Florida,SEC,13,38,570,15.0,1,,,,,38,570,15.0,1
101,A.J. Green*\aj-green-1,Georgia,SEC,9,57,848,14.9,9,3,44,14.7,0,60,892,14.9,9
102,Aubrey Quarles*\aubrey-quarles-1,Kansas State,Big 12,13,51,760,14.9,5,3,41,13.7,0,54,801,14.8,5
103,Van Chew*\van-chew-1,Syracuse,Big East,12,41,611,14.9,5,,,,,41,611,14.9,5
104,Kealoha Pilares*\kealoha-pilares-1,Hawaii,WAC,13,88,1306,14.8,15,,,,,88,1306,14.8,15
105,Jeff Fuller*\jeff-fuller-1,Texas A&M,Big 12,13,72,1066,14.8,12,,,,,72,1066,14.8,12
106,Doug Baldwin*\doug-baldwin-1,Stanford,Pac-10,13,58,857,14.8,9,3,39,13.0,0,61,896,14.7,9
107,Jordan White\jordan-white-1,Western Michigan,MAC,12,94,1378,14.7,10,3,29,9.7,0,97,1407,14.5,10
108,Armon Binns\armon-binns-1,Cincinnati,Big East,12,75,1101,14.7,10,,,,,75,1101,14.7,10
109,Noel Grigsby\noel-grigsby-1,San Jose State,WAC,13,56,822,14.7,4,,,,,56,822,14.7,4
110,Marquis Maze*\marquis-maze-1,Alabama,SEC,13,38,557,14.7,3,3,15,5.0,0,41,572,14.0,3
111,Virgil Green*\virgil-green-1,Nevada,WAC,14,35,515,14.7,5,4,19,4.8,0,39,534,13.7,5
112,Chris Givens\chris-givens-2,Wake Forest,ACC,11,35,514,14.7,4,16,63,3.9,2,51,577,11.3,6
113,Brandon Sullivan*\brandon-sullivan-1,San Diego State,MWC,13,26,383,14.7,3,40,124,3.1,7,66,507,7.7,10
114,Dontavia Bogan*\dontavia-bogan-1,South Florida,Big East,12,47,685,14.6,6,2,23,11.5,0,49,708,14.4,6
115,Julio Jones*\julio-jones-1,Alabama,SEC,13,78,1133,14.5,7,8,135,16.9,2,86,1268,14.7,9
116,Anthony McCall\anthony-mccall-1,Louisiana-Monroe,Sun Belt,12,33,479,14.5,2,,,,,33,479,14.5,2
117,Rodney Smith*\rodney-smith-1,Florida State,ACC,14,31,448,14.5,3,,,,,31,448,14.5,3
118,Arceto Clark*\arceto-clark-1,Mississippi State,SEC,13,25,362,14.5,3,,,,,25,362,14.5,3
119,T.Y. Hilton*\ty-hilton-1,Florida International,Sun Belt,13,59,848,14.4,5,30,282,9.4,4,89,1130,12.7,9
120,Chad Bumphis*\chad-bumphis-1,Mississippi State,SEC,12,44,634,14.4,5,19,131,6.9,0,63,765,12.1,5
121,Terrence McCrae*\terrence-mccrae-1,Ohio,MAC,13,35,505,14.4,9,3,7,2.3,0,38,512,13.5,9
122,John Chiles\john-chiles-1,Texas,Big 12,11,29,418,14.4,1,2,18,9.0,0,31,436,14.1,1
123,Greg Childs*\greg-childs-1,Arkansas,SEC,8,46,659,14.3,6,,,,,46,659,14.3,6
124,Willie Clark*\willie-clark-1,Northern Illinois,MAC,14,42,602,14.3,7,,,,,42,602,14.3,7
125,Frantrell Forrest\frantrell-forrest-1,UAB,CUSA,9,39,558,14.3,4,8,21,2.6,0,47,579,12.3,4
126,Tyrone Pronty\tyrone-pronty-1,Bowling Green State,MAC,12,35,502,14.3,3,3,17,5.7,0,38,519,13.7,3
127,Darius Hanks*\darius-hanks-1,Alabama,SEC,13,32,456,14.3,3,2,7,3.5,0,34,463,13.6,3
128,Riley Dunlop*\riley-dunlop-1,Ohio,MAC,13,27,387,14.3,3,2,18,9.0,1,29,405,14.0,4
129,Greg Ellingson*\greg-ellingson-1,Florida International,Sun Belt,12,43,612,14.2,5,,,,,43,612,14.2,5
130,Marcus Allen\marcus-allen-1,New Mexico State,WAC,12,42,598,14.2,2,17,100,5.9,1,59,698,11.8,3
131,Marcus Lattimore*\marcus-lattimore-1,South Carolina,SEC,13,29,412,14.2,2,249,1197,4.8,17,278,1609,5.8,19
132,Royce Pollard*\royce-pollard-1,Hawaii,WAC,14,64,901,14.1,7,,,,,64,901,14.1,7
133,Terrell Zachery*\terrell-zachery-1,Auburn,SEC,14,43,605,14.1,4,11,71,6.5,0,54,676,12.5,4
134,Terrence Toliver*\terrence-toliver-1,LSU,SEC,13,41,579,14.1,5,,,,,41,579,14.1,5
135,Vance McDonald\vance-mcdonald-1,Rice,CUSA,10,28,396,14.1,8,3,19,6.3,0,31,415,13.4,8
136,Jeff Maehl*\jeff-maehl-1,Oregon,Pac-10,13,77,1076,14.0,12,1,-1,-1.0,0,78,1075,13.8,12
137,James Cleveland\james-cleveland-1,Houston,CUSA,11,57,800,14.0,6,1,-1,-1.0,0,58,799,13.8,6
138,Marqueis Gray\marqueis-gray-1,Minnesota,Big Ten,12,42,587,14.0,5,23,110,4.8,1,65,697,10.7,6
139,Mike Jones\mike-jones-4,UAB,CUSA,12,38,531,14.0,7,2,-8,-4.0,0,40,523,13.1,7
140,Jalal Beauchman\jalal-beauchman-1,San Jose State,WAC,13,60,835,13.9,6,,,,,60,835,13.9,6
141,Brian Watters*\brian-watters-1,UCF,CUSA,14,47,651,13.9,2,1,11,11.0,0,48,662,13.8,2
142,Lou Greenwood\lou-greenwood-1,Colorado State,MWC,12,34,474,13.9,2,16,61,3.8,1,50,535,10.7,3
143,Lucas Reed\lucas-reed-1,New Mexico,MWC,11,33,459,13.9,5,,,,,33,459,13.9,5
144,Austin Zouzalik*\austin-zouzalik-1,Texas Tech,Big 12,12,31,432,13.9,2,,,,,31,432,13.9,2
145,Evan Landi*\evan-landi-1,South Florida,Big East,13,28,390,13.9,2,,,,,28,390,13.9,2
146,Erik Highsmith*\erik-highsmith-1,North Carolina,ACC,13,25,348,13.9,3,,,,,25,348,13.9,3
147,Malcolm Williams\malcolm-williams-1,Texas,Big 12,12,24,334,13.9,2,3,10,3.3,0,27,344,12.7,2
148,Kris Burd\kris-burd-1,Virginia,ACC,12,58,799,13.8,5,3,7,2.3,0,61,806,13.2,5
149,Marcus Rivers\marcus-rivers-1,Buffalo,MAC,12,50,690,13.8,5,,,,,50,690,13.8,5
150,Darius Carey\darius-carey-1,North Texas,Sun Belt,12,38,524,13.8,5,5,65,13.0,1,43,589,13.7,6
151,Josh Bellamy*\josh-bellamy-1,Louisville,Big East,13,29,401,13.8,5,1,12,12.0,0,30,413,13.8,5
152,Willie McNeal\willie-mcneal-1,Western Kentucky,Sun Belt,12,26,360,13.8,2,17,70,4.1,0,43,430,10.0,2
153,Cody Wilson\cody-wilson-1,Central Michigan,MAC,12,83,1137,13.7,5,18,95,5.3,1,101,1232,12.2,6
154,Jarvis Williams*\jarvis-williams-1,North Carolina State,ACC,13,52,713,13.7,5,,,,,52,713,13.7,5
155,Johdrick Morris*\johdrick-morris-1,Southern Mississippi,CUSA,12,50,684,13.7,4,1,-9,-9.0,0,51,675,13.2,4
156,Mike Shanahan*\mike-shanahan-1,Pitt,Big East,13,43,589,13.7,1,,,,,43,589,13.7,1
157,Justin Brown*\justin-brown-1,Penn State,Big Ten,13,33,452,13.7,1,2,-12,-6.0,0,35,440,12.6,1
158,Jalil Carter\jalil-carter-1,Akron,MAC,12,30,412,13.7,2,2,28,14.0,0,32,440,13.8,2
159,Nick Harwell*\nick-harwell-1,Miami (OH),MAC,14,64,871,13.6,6,5,21,4.2,0,69,892,12.9,6
160,Tavon Austin*\tavon-austin-1,West Virginia,Big East,13,58,787,13.6,8,16,161,10.1,1,74,948,12.8,9
161,James Kirkendoll\james-kirkendoll-1,Texas,Big 12,12,52,707,13.6,2,2,-10,-5.0,0,54,697,12.9,2
162,Melvin Harris\melvin-harris-1,Ole Miss,SEC,11,30,408,13.6,3,,,,,30,408,13.6,3
163,Eric Lair\eric-lair-1,Minnesota,Big Ten,12,39,526,13.5,2,1,9,9.0,0,40,535,13.4,2
164,Brett Brackett*\brett-brackett-1,Penn State,Big Ten,13,39,525,13.5,5,,,,,39,525,13.5,5
165,Jamaal Jackson\jamaal-jackson-2,North Texas,Sun Belt,11,33,446,13.5,4,2,6,3.0,0,35,452,12.9,4
166,Bart Johnson*\bart-johnson-1,Texas Christian,MWC,13,31,419,13.5,4,,,,,31,419,13.5,4
167,Anthony Elzy*\anthony-elzy-1,North Carolina,ACC,11,25,338,13.5,2,72,296,4.1,2,97,634,6.5,4
168,Austin Pettis*\austin-pettis-1,Boise State,WAC,13,71,951,13.4,10,,,,,71,951,13.4,10
169,Michael Smith*\michael-smith-1,Connecticut,Big East,13,46,615,13.4,2,,,,,46,615,13.4,2
170,Malcolm Beyah*\malcolm-beyah-1,Middle Tennessee State,Sun Belt,13,29,388,13.4,2,6,23,3.8,0,35,411,11.7,2
171,Alex Green*\alex-green-2,Hawaii,WAC,14,27,363,13.4,1,146,1199,8.2,18,173,1562,9.0,19
172,Devon Smith*\devon-smith-1,Penn State,Big Ten,13,27,363,13.4,1,15,42,2.8,0,42,405,9.6,1
173,Conner Vernon\conner-vernon-1,Duke,ACC,12,73,973,13.3,4,5,40,8.0,0,78,1013,13.0,4
174,A.J. Jenkins*\aj-jenkins-1,Illinois,Big Ten,13,56,746,13.3,7,,,,,56,746,13.3,7
175,La'Rod King*\larod-king-1,Kentucky,SEC,13,36,478,13.3,5,,,,,36,478,13.3,5
176,Gerell Robinson\gerell-robinson-1,Arizona State,Pac-10,11,29,387,13.3,5,,,,,29,387,13.3,5
177,Ja-Mes Logan\ja-mes-logan-1,Ole Miss,SEC,12,29,387,13.3,2,,,,,29,387,13.3,2
178,Marcus Barnett\marcus-barnett-1,Cincinnati,Big East,12,25,333,13.3,2,,,,,25,333,13.3,2
179,Niles Paul*\niles-paul-1,Nebraska,Big 12,12,39,516,13.2,1,5,14,2.8,0,44,530,12.0,1
180,Cortez Smith\cortez-smith-1,Purdue,Big Ten,12,33,434,13.2,4,2,8,4.0,0,35,442,12.6,4
181,Chris Harper*\chris-harper-2,Kansas State,Big 12,13,25,330,13.2,4,5,47,9.4,0,30,377,12.6,4
182,Jerrell Jackson*\jerrell-jackson-1,Missouri,Big 12,12,50,656,13.1,3,4,22,5.5,1,54,678,12.6,4
183,Martel Moore*\martel-moore-1,Northern Illinois,MAC,14,40,525,13.1,4,,,,,40,525,13.1,4
184,Matt Snyder\matt-snyder-1,Virginia,ACC,12,30,393,13.1,0,,,,,30,393,13.1,0
185,Michael Floyd*\michael-floyd-1,Notre Dame,Ind,12,79,1025,13.0,12,1,9,9.0,0,80,1034,12.9,12
186,Roy Roundtree*\roy-roundtree-1,Michigan,Big Ten,13,72,935,13.0,7,,,,,72,935,13.0,7
187,Jason Bruce*\jason-bruce-1,Troy,Sun Belt,13,47,613,13.0,5,4,35,8.8,0,51,648,12.7,5
188,Joe Halahuni\joe-halahuni-1,Oregon State,Pac-10,12,30,390,13.0,6,,,,,30,390,13.0,6
189,Tyler Eifert*\tyler-eifert-1,Notre Dame,Ind,11,27,352,13.0,2,,,,,27,352,13.0,2
190,Kenny Stills*\kenny-stills-1,Oklahoma,Big 12,14,61,786,12.9,5,,,,,61,786,12.9,5
191,Kerry Taylor\kerry-taylor-1,Arizona State,Pac-10,12,54,699,12.9,3,,,,,54,699,12.9,3
192,Darryl Stonum*\darryl-stonum-1,Michigan,Big Ten,13,49,633,12.9,4,,,,,49,633,12.9,4
193,Bobby Swigert*\bobby-swigert-1,Boston College,ACC,13,39,504,12.9,4,,,,,39,504,12.9,4
194,Luke Willson\luke-willson-1,Rice,CUSA,11,33,425,12.9,3,,,,,33,425,12.9,3
195,Ben Thayer\ben-thayer-1,Eastern Michigan,MAC,12,30,386,12.9,3,1,32,32.0,0,31,418,13.5,3
196,Carl Moore*\carl-moore-1,Florida,SEC,13,27,349,12.9,1,,,,,27,349,12.9,1
197,Taiwan Easterling*\taiwan-easterling-1,Florida State,ACC,14,43,551,12.8,5,1,-8,-8.0,0,44,543,12.3,5
198,Nick Toon*\nick-toon-1,Wisconsin,Big Ten,9,36,459,12.8,3,2,10,5.0,0,38,469,12.3,3
199,Maurice Shaw\maurice-shaw-1,Idaho,WAC,13,32,410,12.8,2,,,,,32,410,12.8,2
200,Taylor Embree\taylor-embree-1,UCLA,Pac-10,12,32,409,12.8,0,1,0,0.0,0,33,409,12.4,0
201,Kito Poblah\kito-poblah-1,Central Michigan,MAC,12,44,558,12.7,5,2,11,5.5,0,46,569,12.4,5
202,Jeffery Anderson\jeffery-anderson-1,UAB,CUSA,12,32,407,12.7,4,,,,,32,407,12.7,4
203,Jaron Brown*\jaron-brown-1,Clemson,ACC,12,32,405,12.7,3,8,63,7.9,0,40,468,11.7,3
204,Devin Street*\devin-street-1,Pitt,Big East,13,25,318,12.7,2,3,16,5.3,0,28,334,11.9,2
205,John Cole\john-cole-1,Vanderbilt,SEC,12,25,317,12.7,1,1,-1,-1.0,0,26,316,12.2,1
206,Tyshon Goode\tyshon-goode-1,Kent State,MAC,12,59,743,12.6,5,1,3,3.0,0,60,746,12.4,5
207,Ty Kirk\ty-kirk-1,New Mexico,MWC,12,38,477,12.6,2,7,12,1.7,0,45,489,10.9,2
208,Kashif Moore*\kashif-moore-1,Connecticut,Big East,13,36,452,12.6,4,5,5,1.0,0,41,457,11.1,4
209,A.J. Guyton*\aj-guyton-1,UCF,CUSA,13,28,353,12.6,3,5,7,1.4,0,33,360,10.9,3
210,Devin Aguilar*\devin-aguilar-1,Washington,Pac-10,11,28,352,12.6,2,,,,,28,352,12.6,2
211,Darrell Davis*\darrell-davis-1,North Carolina State,ACC,12,26,327,12.6,3,,,,,26,327,12.6,3
212,T.J. Graham*\tj-graham-1,North Carolina State,ACC,13,25,316,12.6,4,1,-7,-7.0,0,26,309,11.9,4
213,Lance Lewis*\lance-lewis-1,East Carolina,CUSA,13,89,1116,12.5,14,,,,,89,1116,12.5,14
214,Lyle Leong*\lyle-leong-1,Texas Tech,Big 12,13,74,926,12.5,19,,,,,74,926,12.5,19
215,Cody Hoffman*\cody-hoffman-1,Brigham Young,MWC,13,42,527,12.5,7,,,,,42,527,12.5,7
216,Brandon Barden\brandon-barden-1,Vanderbilt,SEC,12,34,425,12.5,3,,,,,34,425,12.5,3
217,Ryan Broyles*\ryan-broyles-1,Oklahoma,Big 12,14,131,1622,12.4,14,,,,,131,1622,12.4,14
218,Jereme Brooks*\jereme-brooks-1,Utah,MWC,13,51,633,12.4,4,2,-8,-4.0,0,53,625,11.8,4
219,Scotty McKnight\scotty-mcknight-1,Colorado,Big 12,12,50,621,12.4,7,,,,,50,621,12.4,7
220,Jeremy Lafrance\jeremy-lafrance-1,Akron,MAC,10,43,534,12.4,6,1,10,10.0,1,44,544,12.4,7
221,Alec Lemon*\alec-lemon-1,Syracuse,Big East,12,32,397,12.4,4,1,-2,-2.0,0,33,395,12.0,4
222,Stanley Havili\stanley-havili-1,USC,Pac-10,13,32,396,12.4,2,26,166,6.4,1,58,562,9.7,3
223,Bryant Williams\bryant-williams-1,New Mexico,MWC,10,24,298,12.4,3,3,12,4.0,0,27,310,11.5,3
224,Jacquise Terry\jacquise-terry-1,Kent State,MAC,12,23,285,12.4,2,151,542,3.6,7,174,827,4.8,9
225,Donovan Varner\donovan-varner-1,Duke,ACC,12,60,736,12.3,1,6,2,0.3,1,66,738,11.2,2
226,Markus Wheaton\markus-wheaton-1,Oregon State,Pac-10,12,55,675,12.3,4,27,220,8.1,2,82,895,10.9,6
227,Deandre Hopkins*\deandre-hopkins-1,Clemson,ACC,12,52,637,12.3,4,,,,,52,637,12.3,4
228,Alex Torres*\alex-torres-1,Texas Tech,Big 12,11,39,481,12.3,3,,,,,39,481,12.3,3
229,Mike Willie\mike-willie-1,Arizona State,Pac-10,12,36,442,12.3,6,,,,,36,442,12.3,6
230,Landon Cox*\landon-cox-1,Northern Illinois,MAC,14,35,429,12.3,3,1,4,4.0,0,36,433,12.0,3
231,Keshawn Martin*\keshawn-martin-1,Michigan State,Big Ten,11,32,394,12.3,1,18,157,8.7,0,50,551,11.0,1
232,Tannar Rehrer\tannar-rehrer-1,Memphis,CUSA,12,23,284,12.3,0,,,,,23,284,12.3,0
233,Cole Beasley*\cole-beasley-1,SMU,CUSA,14,87,1060,12.2,6,,,,,87,1060,12.2,6
234,Kendall Wright*\kendall-wright-1,Baylor,Big 12,13,78,952,12.2,7,8,53,6.6,0,86,1005,11.7,7
235,Robert Woods\robert-woods-1,USC,Pac-10,13,65,792,12.2,6,6,50,8.3,0,71,842,11.9,6
236,B.J. Cunningham*\bj-cunningham-1,Michigan State,Big Ten,12,50,611,12.2,9,1,0,0.0,0,51,611,12.0,9
237,Charles Clay*\charles-clay-1,Tulsa,CUSA,13,43,526,12.2,7,34,226,6.6,0,77,752,9.8,7
238,Thomas Roberson*\thomas-roberson-1,Tulsa,CUSA,13,30,367,12.2,2,8,67,8.4,0,38,434,11.4,2
239,Darius Darks\darius-darks-1,Iowa State,Big 12,12,29,355,12.2,1,,,,,29,355,12.2,1
240,Wayne Times*\wayne-times-1,Florida International,Sun Belt,13,28,341,12.2,1,5,31,6.2,1,33,372,11.3,2
241,Randall Cobb*\randall-cobb-1,Kentucky,SEC,13,84,1017,12.1,7,55,424,7.7,5,139,1441,10.4,12
242,Doug Martin*\doug-martin-1,Boise State,WAC,13,28,338,12.1,2,201,1260,6.3,12,229,1598,7.0,14
243,D'Andre Goodwin*\dandre-goodwin-1,Washington,Pac-10,13,44,530,12.0,4,,,,,44,530,12.0,4
244,Adonis Thomas*\adonis-thomas-1,Toledo,MAC,13,31,372,12.0,2,175,1098,6.3,8,206,1470,7.1,10
245,Quentin Pierce*\quentin-pierce-1,Southern Mississippi,CUSA,12,38,454,11.9,4,,,,,38,454,11.9,4
246,Terrence Miller*\terrence-miller-1,Arizona,Pac-10,13,29,345,11.9,0,2,13,6.5,0,31,358,11.5,0
247,Lance Dunbar\lance-dunbar-1,North Texas,Sun Belt,12,28,332,11.9,3,274,1553,5.7,13,302,1885,6.2,16
248,Courtney Edmonson\courtney-edmonson-1,Marshall,CUSA,10,25,298,11.9,2,1,4,4.0,0,26,302,11.6,2
249,Casey Robottom\casey-robottom-1,Tulane,CUSA,10,56,663,11.8,4,,,,,56,663,11.8,4
250,Brandon Wimberly*\brandon-wimberly-1,Nevada,WAC,14,41,482,11.8,0,5,55,11.0,0,46,537,11.7,0
251,Cameron Graham*\cameron-graham-1,Louisville,Big East,13,40,470,11.8,5,,,,,40,470,11.8,5
252,Antavious Wilson\antavious-wilson-1,Marshall,CUSA,8,29,342,11.8,5,,,,,29,342,11.8,5
253,William Wright*\william-wright-1,Arizona,Pac-10,9,25,294,11.8,2,2,31,15.5,0,27,325,12.0,2
254,Tavarese Maye\tavarese-maye-1,Louisiana-Monroe,Sun Belt,12,43,505,11.7,3,11,103,9.4,1,54,608,11.3,4
255,Dontel Watkins\dontel-watkins-1,Utah State,WAC,12,42,492,11.7,4,3,26,8.7,0,45,518,11.5,4
256,Kyle Rudolph*\kyle-rudolph-1,Notre Dame,Ind,6,28,328,11.7,3,,,,,28,328,11.7,3
257,Avery Holley\avery-holley-1,Florida Atlantic,Sun Belt,11,25,293,11.7,1,3,20,6.7,0,28,313,11.2,1
258,Todd Lee\todd-lee-1,New Mexico State,WAC,12,24,280,11.7,3,5,53,10.6,0,29,333,11.5,3
259,Kamar Jorden\kamar-jorden-1,Bowling Green State,MAC,12,96,1109,11.6,4,,,,,96,1109,11.6,4
260,Luther Ambrose\luther-ambrose-1,Louisiana-Monroe,Sun Belt,12,65,752,11.6,6,10,13,1.3,0,75,765,10.2,6
261,D.J. Williams*\dj-williams-1,Arkansas,SEC,13,54,627,11.6,4,,,,,54,627,11.6,4
262,Demetrius Fields*\demetrius-fields-1,Northwestern,Big Ten,13,25,291,11.6,2,,,,,25,291,11.6,2
263,Ryan Swope*\ryan-swope-1,Texas A&M,Big 12,13,72,825,11.5,4,11,58,5.3,0,83,883,10.6,4
264,Joseph Randle*\joseph-randle-1,Oklahoma State,Big 12,13,37,427,11.5,1,82,452,5.5,2,119,879,7.4,3
265,Jake Williams\jake-williams-1,Iowa State,Big 12,12,35,404,11.5,4,,,,,35,404,11.5,4
266,Luke Ashworth*\luke-ashworth-1,Brigham Young,MWC,13,32,368,11.5,7,,,,,32,368,11.5,7
267,T.J. Moe*\tj-moe-1,Missouri,Big 12,13,92,1045,11.4,6,12,81,6.8,1,104,1126,10.8,7
268,Sidney Stewart*\sidney-stewart-1,Northwestern,Big Ten,13,40,454,11.4,0,,,,,40,454,11.4,0
269,Malcolm Shepherd*\malcolm-shepherd-1,Nevada,WAC,14,35,399,11.4,1,10,89,8.9,0,45,488,10.8,1
270,Brent Leonard\brent-leonard-1,Louisiana-Monroe,Sun Belt,12,33,377,11.4,3,,,,,33,377,11.4,3
271,Marlon McClure*\marlon-mcclure-1,UTEP,CUSA,12,30,343,11.4,1,8,33,4.1,0,38,376,9.9,1
272,Armand Robinson*\armand-robinson-1,Miami (OH),MAC,14,94,1062,11.3,6,11,50,4.5,0,105,1112,10.6,6
273,Juan Nunez\juan-nunez-1,Western Michigan,MAC,12,91,1032,11.3,10,,,,,91,1032,11.3,10
274,Terrance Williams*\terrance-williams-2,Baylor,Big 12,13,43,484,11.3,4,1,3,3.0,0,44,487,11.1,4
275,Uzoma Nwachukwu*\uzoma-nwachukwu-1,Texas A&M,Big 12,13,36,407,11.3,4,3,12,4.0,0,39,419,10.7,4
276,Dwayne Allen*\dwayne-allen-1,Clemson,ACC,13,33,373,11.3,1,,,,,33,373,11.3,1
277,Aaron Pflugrad\aaron-pflugrad-1,Arizona State,Pac-10,11,29,329,11.3,2,1,3,3.0,0,30,332,11.1,2
278,Aaron Pflugrad\aaron-pflugrad-2,Arizona State,Pac-10,11,29,329,11.3,2,1,3,3.0,0,30,332,11.1,2
279,Darius Reynolds\darius-reynolds-1,Iowa State,Big 12,12,25,283,11.3,2,2,-7,-3.5,0,27,276,10.2,2
280,Marshall Williams\marshall-williams-1,Wake Forest,ACC,12,24,272,11.3,2,,,,,24,272,11.3,2
281,Eric Page*\eric-page-1,Toledo,MAC,13,99,1105,11.2,8,2,-13,-6.5,0,101,1092,10.8,8
282,Tandon Doss\tandon-doss-1,Indiana,Big Ten,11,63,706,11.2,7,28,163,5.8,1,91,869,9.5,8
283,Michael Johnson\michael-johnson-8,UNLV,MWC,13,51,571,11.2,5,2,-2,-1.0,0,53,569,10.7,5
284,Brandon Kinnie*\brandon-kinnie-1,Nebraska,Big 12,14,44,494,11.2,5,,,,,44,494,11.2,5
285,Toney Clemons\toney-clemons-1,Colorado,Big 12,12,43,482,11.2,3,3,17,5.7,0,46,499,10.8,3
286,Toney Clemons\toney-clemons-2,Colorado,Big 12,12,43,482,11.2,3,3,17,5.7,0,46,499,10.8,3
287,D.J. Davis*\dj-davis-1,Oregon,Pac-10,13,42,470,11.2,3,,,,,42,470,11.2,3
288,Drew Davis*\drew-davis-1,Oregon,Pac-10,13,42,470,11.2,3,0,0,,0,42,470,11.2,3
289,Cooper Helfet\cooper-helfet-1,Duke,ACC,11,34,380,11.2,2,,,,,34,380,11.2,2
290,Travis Cobb*\travis-cobb-1,Arizona,Pac-10,12,26,290,11.2,1,6,40,6.7,0,32,330,10.3,1
291,Tyler Stradford\tyler-stradford-1,North Texas,Sun Belt,9,24,268,11.2,2,,,,,24,268,11.2,2
292,Dwayne Harris*\dwayne-harris-1,East Carolina,CUSA,13,101,1123,11.1,10,16,104,6.5,0,117,1227,10.5,10
293,Tebiarus Gill*\tebiarus-gill-1,Troy,Sun Belt,13,52,578,11.1,6,,,,,52,578,11.1,6
294,David Roberts*\david-roberts-1,Arizona,Pac-10,12,44,487,11.1,2,1,9,9.0,0,45,496,11.0,2
295,McKay Jacobson*\mckay-jacobson-1,Brigham Young,MWC,13,37,410,11.1,1,,,,,37,410,11.1,1
296,Garrett Andrews*\garrett-andrews-1,Middle Tennessee State,Sun Belt,13,34,377,11.1,2,,,,,34,377,11.1,2
297,Nick Provo*\nick-provo-1,Syracuse,Big East,13,33,365,11.1,1,,,,,33,365,11.1,1
298,Jerry Harris\jerry-harris-1,Central Michigan,MAC,12,30,332,11.1,3,3,-6,-2.0,0,33,326,9.9,3
299,Marcus Vasquez\marcus-vasquez-1,Western Kentucky,Sun Belt,9,30,332,11.1,3,,,,,30,332,11.1,3
300,Gavin Escobar*\gavin-escobar-1,San Diego State,MWC,13,29,323,11.1,4,,,,,29,323,11.1,4
301,Allen Reisner*\allen-reisner-1,Iowa,Big Ten,13,42,460,11.0,2,,,,,42,460,11.0,2
302,Lavasier Tuinei*\lavasier-tuinei-1,Oregon,Pac-10,11,36,396,11.0,2,,,,,36,396,11.0,2
303,Rashad Evans*\rashad-evans-1,Fresno State,WAC,11,39,424,10.9,4,4,11,2.8,0,43,435,10.1,4
304,Chris Pantale*\chris-pantale-1,Boston College,ACC,13,31,338,10.9,1,,,,,31,338,10.9,1
305,Jackie Williams\jackie-williams-1,UAB,CUSA,12,30,327,10.9,3,12,45,3.8,1,42,372,8.9,4
306,Michael Hayes\michael-hayes-1,Houston,CUSA,12,30,327,10.9,2,150,629,4.2,8,180,956,5.3,10
307,Darius Johnson*\darius-johnson-2,SMU,CUSA,13,78,845,10.8,6,,,,,78,845,10.8,6
308,Josh Cooper*\josh-cooper-2,Oklahoma State,Big 12,13,68,736,10.8,5,3,39,13.0,0,71,775,10.9,5
309,Ronald Johnson\ronald-johnson-2,USC,Pac-10,13,64,692,10.8,8,5,25,5.0,0,69,717,10.4,8
310,Gerald Jones*\gerald-jones-2,Tennessee,SEC,10,55,596,10.8,4,6,13,2.2,0,61,609,10.0,4
311,Laron Byrd*\laron-byrd-1,Miami (FL),ACC,13,41,441,10.8,1,,,,,41,441,10.8,1
312,Wes Kemp*\wes-kemp-1,Missouri,Big 12,13,39,420,10.8,3,1,9,9.0,0,40,429,10.7,3
313,Brandon Bolden\brandon-bolden-1,Ole Miss,SEC,12,32,344,10.8,3,163,976,6.0,14,195,1320,6.8,17
314,Aaron Nichols\aaron-nichols-1,Oregon State,Pac-10,12,31,336,10.8,1,,,,,31,336,10.8,1
315,Damarlo Belcher\damarlo-belcher-1,Indiana,Big Ten,12,78,832,10.7,4,,,,,78,832,10.7,4
316,Dwayne Frampton\dwayne-frampton-1,Arkansas State,Sun Belt,12,69,738,10.7,6,14,12,0.9,0,83,750,9.0,6
317,Sam Kirkland\sam-kirkland-1,Kent State,MAC,12,56,599,10.7,1,3,84,28.0,0,59,683,11.6,1
318,Keenan Allen\keenan-allen-1,California,Pac-10,11,46,490,10.7,5,18,136,7.6,1,64,626,9.8,6
319,Doug Beaumont*\doug-beaumont-1,Louisville,Big East,11,41,440,10.7,1,,,,,41,440,10.7,1
320,Ryan Whalen*\ryan-whalen-1,Stanford,Pac-10,11,41,439,10.7,2,,,,,41,439,10.7,2
321,Luke Stocker*\luke-stocker-1,Tennessee,SEC,13,39,417,10.7,2,,,,,39,417,10.7,2
322,Nelson Rosario\nelson-rosario-1,UCLA,Pac-10,9,29,309,10.7,1,,,,,29,309,10.7,1
323,Adrian Hilburn*\adrian-hilburn-1,Kansas State,Big 12,13,28,299,10.7,2,,,,,28,299,10.7,2
324,Jock Sanders*\jock-sanders-1,West Virginia,Big East,13,69,728,10.6,4,14,92,6.6,1,83,820,9.9,5
325,Jared Karstetter\jared-karstetter-1,Washington State,Pac-10,12,62,658,10.6,7,,,,,62,658,10.6,7
326,Bert Reed*\bert-reed-1,Florida State,ACC,14,58,614,10.6,2,6,53,8.8,1,64,667,10.4,3
327,Taulib Ikharo\taulib-ikharo-1,Louisiana Tech,WAC,12,50,530,10.6,4,,,,,50,530,10.6,4
328,Rodney Bradley*\rodney-bradley-1,Hawaii,WAC,12,48,511,10.6,1,1,2,2.0,0,49,513,10.5,1
329,Tori Gurley*\tori-gurley-1,South Carolina,SEC,14,44,465,10.6,4,1,5,5.0,0,45,470,10.4,4
330,Preston Dial*\preston-dial-1,Alabama,SEC,13,25,264,10.6,3,,,,,25,264,10.6,3
331,George Bryan*\george-bryan-1,North Carolina State,ACC,13,35,369,10.5,3,,,,,35,369,10.5,3
332,Kama Bailey\kama-bailey-1,Idaho,WAC,13,31,326,10.5,2,40,290,7.3,1,71,616,8.7,3
333,Marquise Goodwin\marquise-goodwin-1,Texas,Big 12,11,31,324,10.5,1,9,37,4.1,0,40,361,9.0,1
334,Briggs Orsbon\briggs-orsbon-1,Ball State,MAC,12,28,295,10.5,1,,,,,28,295,10.5,1
335,Bo Bowling*\bo-bowling-1,Oklahoma State,Big 12,13,42,437,10.4,0,1,9,9.0,0,43,446,10.4,0
336,Theo Riddick*\theo-riddick-1,Notre Dame,Ind,9,40,414,10.4,3,11,29,2.6,0,51,443,8.7,3
337,Zack Pianalto*\zack-pianalto-1,North Carolina,ACC,6,30,311,10.4,1,,,,,30,311,10.4,1
338,Jeremy Kerley*\jeremy-kerley-1,Texas Christian,MWC,13,56,575,10.3,10,18,97,5.4,2,74,672,9.1,12
339,Austin Kelly\austin-kelly-1,Duke,ACC,11,47,486,10.3,4,,,,,47,486,10.3,4
340,Richie Casey\richie-casey-1,Louisiana Tech,WAC,12,42,432,10.3,3,,,,,42,432,10.3,3
341,Terrance Turner\terrance-turner-1,Indiana,Big Ten,12,67,681,10.2,3,,,,,67,681,10.2,3
342,Mike Davis\mike-davis-2,Texas,Big 12,11,47,478,10.2,2,3,-6,-2.0,0,50,472,9.4,2
343,Johnathan Wilson\johnathan-wilson-1,Kansas,Big 12,12,38,387,10.2,2,,,,,38,387,10.2,2
344,Jacoby Franks*\jacoby-franks-1,Texas Tech,Big 12,7,25,254,10.2,0,1,-2,-2.0,0,26,252,9.7,0
345,Robert Arnheim\robert-arnheim-1,Western Michigan,MAC,12,23,235,10.2,1,1,-1,-1.0,0,24,234,9.8,1
346,Ronnie Wingo Jr.*\ronnie-wingo-jr-1,Arkansas,SEC,13,27,274,10.1,4,41,253,6.2,1,68,527,7.8,5
347,Jonathan Krause\jonathan-krause-1,Vanderbilt,SEC,12,24,243,10.1,0,6,121,20.2,2,30,364,12.1,2
348,Pat Shed\pat-shed-1,UAB,CUSA,12,47,471,10.0,4,157,847,5.4,3,204,1318,6.5,7
349,Rodney Stewart\rodney-stewart-1,Colorado,Big 12,12,29,290,10.0,0,290,1318,4.5,10,319,1608,5.0,10
350,Ryan Deehan\ryan-deehan-1,Colorado,Big 12,12,25,249,10.0,1,,,,,25,249,10.0,1
351,David Douglas*\david-douglas-1,Arizona,Pac-10,13,52,515,9.9,5,2,10,5.0,1,54,525,9.7,6
352,Cody Sparks\cody-sparks-1,Tulane,CUSA,12,43,427,9.9,6,,,,,43,427,9.9,6
353,Anthony Robinson\anthony-robinson-1,Arkansas State,Sun Belt,12,35,348,9.9,2,5,6,1.2,1,40,354,8.9,3
354,Antavian Edison\antavian-edison-1,Purdue,Big Ten,12,32,316,9.9,4,36,130,3.6,0,68,446,6.6,4
355,Detron Lewis*\detron-lewis-1,Texas Tech,Big 12,13,87,852,9.8,6,9,22,2.4,0,96,874,9.1,6
356,Jerrel Jernigan*\jerrel-jernigan-1,Troy,Sun Belt,13,84,822,9.8,6,45,322,7.2,3,129,1144,8.9,9
357,Collin Franklin\collin-franklin-1,Iowa State,Big 12,12,54,530,9.8,3,,,,,54,530,9.8,3
358,J.J. Di Luigi*\jj-di-luigi-1,Brigham Young,MWC,13,45,443,9.8,1,178,917,5.2,8,223,1360,6.1,9
359,Sam McGuffie\sam-mcguffie-1,Rice,CUSA,12,39,384,9.8,3,197,883,4.5,6,236,1267,5.4,9
360,Paris Cotton\paris-cotton-1,Central Michigan,MAC,11,25,245,9.8,0,142,651,4.6,6,167,896,5.4,6
361,Duane Bennett\duane-bennett-1,Minnesota,Big Ten,12,33,319,9.7,1,123,529,4.3,3,156,848,5.4,4
362,David Leonard\david-leonard-1,Wyoming,MWC,12,47,452,9.6,3,,,,,47,452,9.6,3
363,Mohamed Sanu\mohamed-sanu-1,Rutgers,Big East,12,44,418,9.5,2,59,309,5.2,4,103,727,7.1,6
364,Drake Dunsmore*\drake-dunsmore-1,Northwestern,Big Ten,13,40,381,9.5,5,,,,,40,381,9.5,5
365,Stepfan Taylor*\stepfan-taylor-1,Stanford,Pac-10,13,28,266,9.5,1,223,1137,5.1,15,251,1403,5.6,16
366,Lee Smith\lee-smith-2,Marshall,CUSA,12,38,358,9.4,3,,,,,38,358,9.4,3
367,Jamie Harper*\jamie-harper-1,Clemson,ACC,13,35,328,9.4,3,197,760,3.9,7,232,1088,4.7,10
368,Derrick Locke*\derrick-locke-1,Kentucky,SEC,9,34,318,9.4,0,166,887,5.3,10,200,1205,6.0,10
369,Lanear Sampson*\lanear-sampson-1,Baylor,Big 12,13,42,390,9.3,0,,,,,42,390,9.3,0
370,Tyson Liggett\tyson-liggett-1,Colorado State,MWC,12,41,380,9.3,0,2,13,6.5,0,43,393,9.1,0
371,Andrew Bodenheimer*\andrew-bodenheimer-1,East Carolina,CUSA,13,40,370,9.3,2,,,,,40,370,9.3,2
372,Jarred Fayson*\jarred-fayson-1,Illinois,Big Ten,12,38,355,9.3,1,0,0,,0,38,355,9.3,1
373,Jarred Fayson*\jarred-fayson-2,Illinois,Big Ten,12,38,355,9.3,1,,,,,38,355,9.3,1
374,Bradley Haynes*\bradley-haynes-1,SMU,CUSA,14,35,326,9.3,3,,,,,35,326,9.3,3
375,Zac Pauga\zac-pauga-1,Colorado State,MWC,12,33,308,9.3,1,12,53,4.4,0,45,361,8.0,1
376,Michael Bowman*\michael-bowman-1,East Carolina,CUSA,13,47,434,9.2,3,3,25,8.3,0,50,459,9.2,3
377,Terrell Jackson\terrell-jackson-3,Buffalo,MAC,12,43,397,9.2,3,7,13,1.9,0,50,410,8.2,3
378,Ryan Taylor*\ryan-taylor-1,North Carolina,ACC,13,36,330,9.2,2,,,,,36,330,9.2,2
379,Chris McNeill\chris-mcneill-1,Wyoming,MWC,12,28,257,9.2,3,4,-10,-2.5,0,32,247,7.7,3
380,Carl Volny\carl-volny-1,Central Michigan,MAC,12,26,240,9.2,1,81,402,5.0,5,107,642,6.0,6
381,Tyron Carrier\tyron-carrier-1,Houston,CUSA,12,53,480,9.1,1,3,50,16.7,0,56,530,9.5,1
382,Mustafa Greene*\mustafa-greene-1,North Carolina State,ACC,13,30,272,9.1,2,134,597,4.5,4,164,869,5.3,6
383,Trey Franks*\trey-franks-1,Oklahoma,Big 12,14,29,263,9.1,1,4,19,4.8,0,33,282,8.5,1
384,Kyle Nelson\kyle-nelson-1,New Mexico State,WAC,12,41,371,9.0,1,,,,,41,371,9.0,1
385,Adrian Cannon*\adrian-cannon-1,Maryland,ACC,13,36,324,9.0,1,1,5,5.0,0,37,329,8.9,1
386,D.J. Banks\dj-banks-1,Tulane,CUSA,12,47,419,8.9,3,18,83,4.6,2,65,502,7.7,5
387,Tevin Reese*\tevin-reese-1,Baylor,Big 12,13,45,401,8.9,0,2,13,6.5,0,47,414,8.8,0
388,Chandler Jones\chandler-jones-1,San Jose State,WAC,13,54,474,8.8,1,4,16,4.0,0,58,490,8.4,1
389,Lyle Fitte\lyle-fitte-1,Louisiana Tech,WAC,12,25,219,8.8,0,12,57,4.8,1,37,276,7.5,1
390,William Spight*\william-spight-1,Southern Mississippi,CUSA,13,25,219,8.8,0,,,,,25,219,8.8,0
391,Antwon Bailey*\antwon-bailey-1,Syracuse,Big East,13,35,306,8.7,3,114,554,4.9,2,149,860,5.8,5
392,Preston Davis\preston-davis-1,Idaho,WAC,12,31,267,8.6,1,,,,,31,267,8.6,1
393,Chris Rainey*\chris-rainey-1,Florida,SEC,8,25,216,8.6,3,51,366,7.2,2,76,582,7.7,5
394,Michael Egnew*\michael-egnew-1,Missouri,Big 12,13,90,762,8.5,5,,,,,90,762,8.5,5
395,Demarco Murray*\demarco-murray-1,Oklahoma,Big 12,14,71,594,8.4,5,282,1214,4.3,15,353,1808,5.1,20
396,DeMarco Paine*\demarco-paine-1,Miami (OH),MAC,14,32,270,8.4,0,2,-16,-8.0,0,34,254,7.5,0
397,DeMarco Paine*\demarco-paine-2,Miami (OH),MAC,14,32,270,8.4,0,2,-16,-8.0,0,34,254,7.5,0
398,Chuck Walker\chuck-walker-2,Marshall,CUSA,11,26,219,8.4,1,1,2,2.0,0,27,221,8.2,1
399,Deonte Jackson\deonte-jackson-1,Idaho,WAC,13,25,211,8.4,1,113,442,3.9,4,138,653,4.7,5
400,Jon Williams*\jon-williams-1,East Carolina,CUSA,13,52,431,8.3,1,154,847,5.5,10,206,1278,6.2,11
401,Tramain Swindall*\tramain-swindall-1,Texas Tech,Big 12,13,33,271,8.2,1,,,,,33,271,8.2,1
402,Ben Guidugli\ben-guidugli-1,Cincinnati,Big East,11,24,197,8.2,2,,,,,24,197,8.2,2
403,Daymond Patterson\daymond-patterson-1,Kansas,Big 12,12,60,487,8.1,2,8,55,6.9,0,68,542,8.0,2
404,Jamal Miles\jamal-miles-1,Arizona State,Pac-10,12,25,203,8.1,4,27,63,2.3,2,52,266,5.1,6
405,Kenny Turner\kenny-turner-1,New Mexico State,WAC,10,25,203,8.1,0,115,461,4.0,2,140,664,4.7,2
406,Evan Royster*\evan-royster-1,Penn State,Big Ten,13,25,202,8.1,1,208,1014,4.9,6,233,1216,5.2,7
407,Eddie Wide*\eddie-wide-1,Utah,MWC,13,34,271,8.0,2,149,717,4.8,11,183,988,5.4,13
408,Dion Lewis*\dion-lewis-1,Pitt,Big East,12,27,216,8.0,0,219,1061,4.8,13,246,1277,5.2,13
409,Calvin Wiley\calvin-wiley-1,Bowling Green State,MAC,12,25,201,8.0,2,11,62,5.6,1,36,263,7.3,3
410,Ryan Griffin*\ryan-griffin-1,Connecticut,Big East,13,31,245,7.9,1,,,,,31,245,7.9,1
411,Bobby Rainey\bobby-rainey-1,Western Kentucky,Sun Belt,12,29,230,7.9,0,340,1649,4.9,15,369,1879,5.1,15
412,Desmond Scott\desmond-scott-1,Duke,ACC,12,34,266,7.8,0,120,530,4.4,3,154,796,5.2,3
413,Tracy Lampley*\tracy-lampley-1,Southern Mississippi,CUSA,12,26,203,7.8,0,65,384,5.9,1,91,587,6.5,1
414,Devon Brown\devon-brown-1,Wake Forest,ACC,12,39,302,7.7,1,18,134,7.4,2,57,436,7.6,3
415,Russell Shepard*\russell-shepard-1,LSU,SEC,13,33,254,7.7,1,32,226,7.1,2,65,480,7.4,3
416,Alexander Robinson\alexander-robinson-1,Iowa State,Big 12,12,26,201,7.7,1,202,946,4.7,9,228,1147,5.0,10
417,Noel Devine*\noel-devine-1,West Virginia,Big East,13,34,258,7.6,1,208,934,4.5,6,242,1192,4.9,7
418,Willie Geter\willie-geter-1,Bowling Green State,MAC,12,31,236,7.6,1,197,718,3.6,6,228,954,4.2,7
419,Nic Grigsby*\nic-grigsby-1,Arizona,Pac-10,12,25,189,7.6,1,118,533,4.5,8,143,722,5.0,9
420,Cyrus Gray*\cyrus-gray-1,Texas A&M,Big 12,13,34,251,7.4,1,200,1133,5.7,12,234,1384,5.9,13
421,Ansel Ponder\ansel-ponder-1,Western Michigan,MAC,12,28,205,7.3,2,4,6,1.5,0,32,211,6.6,2
422,Keola Antolin*\keola-antolin-1,Arizona,Pac-10,13,28,204,7.3,2,143,668,4.7,7,171,872,5.1,9
423,Isaiah Pead\isaiah-pead-1,Cincinnati,Big East,11,26,190,7.3,1,157,1029,6.6,6,183,1219,6.7,7
424,Perry Jones\perry-jones-1,Virginia,ACC,12,31,224,7.2,1,137,646,4.7,1,168,870,5.2,2
425,Lennon Creer\lennon-creer-1,Louisiana Tech,WAC,12,25,181,7.2,0,212,1181,5.6,10,237,1362,5.7,10
426,Baron Batch*\baron-batch-1,Texas Tech,Big 12,13,32,226,7.1,3,177,816,4.6,5,209,1042,5.0,8
427,Chris Hernandez\chris-hernandez-1,New Mexico,MWC,11,35,246,7.0,0,0,45,,1,35,291,8.3,1
428,Henry Hynoski*\henry-hynoski-1,Pitt,Big East,13,25,174,7.0,1,12,33,2.8,0,37,207,5.6,1
429,James Washington*\james-washington-1,North Carolina State,ACC,8,27,185,6.9,1,71,215,3.0,1,98,400,4.1,2
430,Kyle Adams\kyle-adams-1,Purdue,Big Ten,12,36,244,6.8,0,,,,,36,244,6.8,0
431,Trey Burton*\trey-burton-1,Florida,SEC,13,32,210,6.6,1,75,349,4.7,11,107,559,5.2,12
432,Jacquizz Rodgers\jacquizz-rodgers-1,Oregon State,Pac-10,12,44,287,6.5,3,256,1184,4.6,14,300,1471,4.9,17
433,Foswhitt Whittaker\foswhitt-whittaker-1,Texas,Big 12,11,34,217,6.4,0,80,351,4.4,2,114,568,5.0,2
434,Eric Stephens*\eric-stephens-1,Texas Tech,Big 12,13,33,212,6.4,2,127,668,5.3,6,160,880,5.5,8
435,Lindsey Lamar*\lindsey-lamar-1,South Florida,Big East,13,25,161,6.4,0,12,37,3.1,0,37,198,5.4,0
436,Daniel Thomas*\daniel-thomas-1,Kansas State,Big 12,13,27,171,6.3,0,298,1585,5.3,19,325,1756,5.4,19
437,Giavanni Ruffin*\giavanni-ruffin-1,East Carolina,CUSA,13,25,157,6.3,1,85,384,4.5,2,110,541,4.9,3
438,Matt Asiata*\matt-asiata-1,Utah,MWC,13,32,195,6.1,1,155,695,4.5,8,187,890,4.8,9